{"cameraMode":{"drawMode":0,"name":"Shaded","section":"Shading Mode"},"sceneLighting":false,"audioPlay":false,"sceneViewState":{"m_AlwaysRefresh":false,"showFog":true,"showSkybox":false,"showFlares":true,"showImageEffects":true,"showParticleSystems":true,"showVisualEffectGraphs":true,"m_FxEnabled":true},"in2DMode":false,"pivot":{"x":-0.0034217238426208498,"y":0.3637174367904663,"z":4.072394371032715},"rotation":{"x":-0.047786127775907519,"y":-0.018381355330348016,"z":0.0008358687628060579,"w":-0.998735785484314},"size":3.5660252571105959,"orthographic":false}