{"cameraMode":{"drawMode":0,"name":"Shaded","section":"Shading Mode"},"sceneLighting":false,"audioPlay":false,"sceneViewState":{"m_AlwaysRefresh":false,"showFog":true,"showSkybox":false,"showFlares":true,"showImageEffects":true,"showParticleSystems":true,"showVisualEffectGraphs":true,"m_FxEnabled":true},"in2DMode":false,"pivot":{"x":-0.5106079578399658,"y":2.537743091583252,"z":8.068519592285157},"rotation":{"x":0.009807535447180272,"y":0.018987618386745454,"z":-0.0002447671431582421,"w":0.9998435974121094},"size":1.1660254001617432,"orthographic":false}