{"cameraMode":{"drawMode":0,"name":"Shaded","section":"Shading Mode"},"sceneLighting":false,"audioPlay":false,"sceneViewState":{"m_AlwaysRefresh":false,"showFog":true,"showSkybox":false,"showFlares":true,"showImageEffects":true,"showParticleSystems":true,"showVisualEffectGraphs":true,"m_FxEnabled":true},"in2DMode":false,"pivot":{"x":0.679999828338623,"y":2.9600000381469728,"z":15.709999084472657},"rotation":{"x":-0.047099485993385318,"y":-0.05842714011669159,"z":-0.0026860092766582968,"w":0.9972422122955322},"size":12.12435531616211,"orthographic":false}