{"cameraMode":{"drawMode":0,"name":"Shaded","section":"Shading Mode"},"sceneLighting":false,"audioPlay":false,"sceneViewState":{"m_AlwaysRefresh":false,"showFog":true,"showSkybox":false,"showFlares":true,"showImageEffects":true,"showParticleSystems":true,"showVisualEffectGraphs":true,"m_FxEnabled":true},"in2DMode":false,"pivot":{"x":845.449951171875,"y":407.1500244140625,"z":-19.399999618530275},"rotation":{"x":-0.12100576609373093,"y":-0.011808080598711968,"z":0.0014780615456402302,"w":-0.9926069974899292},"size":51.39273452758789,"orthographic":false}