{"cameraMode":{"drawMode":0,"name":"Shaded","section":"Shading Mode"},"sceneLighting":false,"audioPlay":false,"sceneViewState":{"m_AlwaysRefresh":false,"showFog":true,"showSkybox":false,"showFlares":true,"showImageEffects":true,"showParticleSystems":true,"showVisualEffectGraphs":true,"m_FxEnabled":true},"in2DMode":false,"pivot":{"x":0.218994140625,"y":-0.04941558837890625,"z":-0.06380520015954972},"rotation":{"x":0.026211421936750413,"y":0.08834367245435715,"z":-0.002259200671687722,"w":0.9958221316337586},"size":1.5841681957244874,"orthographic":false}