{"cameraMode":{"drawMode":0,"name":"Shaded","section":"Shading Mode"},"sceneLighting":true,"audioPlay":false,"sceneViewState":{"m_AlwaysRefresh":false,"showFog":true,"showSkybox":false,"showFlares":true,"showImageEffects":true,"showParticleSystems":true,"showVisualEffectGraphs":true,"m_FxEnabled":true},"in2DMode":false,"pivot":{"x":3.956385374069214,"y":0.19867593050003053,"z":3.7144150733947756},"rotation":{"x":0.06361737847328186,"y":-0.39446377754211428,"z":0.02737274020910263,"w":0.9163219332695007},"size":1.7660253047943116,"orthographic":false}