{"cameraMode":{"drawMode":0,"name":"Shaded","section":"Shading Mode"},"sceneLighting":true,"audioPlay":false,"sceneViewState":{"m_AlwaysRefresh":false,"showFog":true,"showSkybox":false,"showFlares":true,"showImageEffects":true,"showParticleSystems":true,"showVisualEffectGraphs":true,"m_FxEnabled":true},"in2DMode":false,"pivot":{"x":4.12309455871582,"y":0.1309845745563507,"z":3.0894079208374025},"rotation":{"x":0.17931441962718965,"y":0.018004514276981355,"z":-0.0033056067768484356,"w":0.983676552772522},"size":0.7954201698303223,"orthographic":false}