{"cameraMode":{"drawMode":0,"name":"Shaded","section":"Shading Mode"},"sceneLighting":true,"audioPlay":false,"sceneViewState":{"m_AlwaysRefresh":false,"showFog":true,"showSkybox":false,"showFlares":true,"showImageEffects":true,"showParticleSystems":true,"showVisualEffectGraphs":true,"m_FxEnabled":true},"in2DMode":false,"pivot":{"x":6.214286804199219,"y":-1.1513227224349976,"z":15.900524139404297},"rotation":{"x":0.0908413976430893,"y":0.08671336621046066,"z":-0.007938799448311329,"w":0.9921162724494934},"size":7.1749982833862309,"orthographic":false}