{"cameraMode":{"drawMode":0,"name":"Shaded","section":"Shading Mode"},"sceneLighting":true,"audioPlay":false,"sceneViewState":{"m_AlwaysRefresh":false,"showFog":true,"showSkybox":false,"showFlares":true,"showImageEffects":true,"showParticleSystems":true,"showVisualEffectGraphs":true,"m_FxEnabled":true},"in2DMode":false,"pivot":{"x":4.039250373840332,"y":1.0438746213912964,"z":3.2102420330047609},"rotation":{"x":0.13440124690532685,"y":-0.009728817269206047,"z":0.0013366818893700839,"w":0.99093097448349},"size":1.113940954208374,"orthographic":false}