{"cameraMode":{"drawMode":0,"name":"Shaded","section":"Shading Mode"},"sceneLighting":true,"audioPlay":false,"sceneViewState":{"m_AlwaysRefresh":false,"showFog":true,"showSkybox":false,"showFlares":true,"showImageEffects":true,"showParticleSystems":true,"showVisualEffectGraphs":true,"m_FxEnabled":true},"in2DMode":false,"pivot":{"x":3.8013439178466799,"y":0.9800000190734863,"z":2.017909526824951},"rotation":{"x":0.1298218071460724,"y":-0.043932825326919559,"z":0.005759842228144407,"w":0.9906211495399475},"size":0.8660253882408142,"orthographic":false}