{"cameraMode":{"drawMode":0,"name":"Shaded","section":"Shading Mode"},"sceneLighting":false,"audioPlay":false,"sceneViewState":{"m_AlwaysRefresh":false,"showFog":true,"showSkybox":false,"showFlares":true,"showImageEffects":true,"showParticleSystems":true,"showVisualEffectGraphs":true,"m_FxEnabled":true},"in2DMode":false,"pivot":{"x":0.02237648144364357,"y":1.6628323793411255,"z":-5.1115875244140629},"rotation":{"x":-0.00006152814603410661,"y":0.999775767326355,"z":-0.021308666095137597,"w":-0.0026964396238327028},"size":4.087860584259033,"orthographic":false}